{
  "experiment": "3 - 1000 epochs + early stopping",
  "train_error": 7.98799991607666,
  "test_error": 7.620000839233398,
  "train_time_s": 26428.589912891388,
  "total_time_s": 26530.73120713234,
  "peak_memory_mb": 1245.62890625,
  "total_epochs_run": 4000,
  "per_layer": [
    {
      "layer": 0,
      "epochs_run": 1000,
      "early_stopped": false,
      "final_loss": 0.3641541004180908,
      "best_loss": 0.3641541004180908,
      "losses": [
        1.1267644166946411,
        0.7479050159454346,
        0.7065839171409607,
        0.7051964998245239,
        0.695336103439331,
        0.6939950585365295,
        0.6927242875099182,
        0.6909700036048889,
        0.6886473298072815,
        0.6854321956634521,
        0.6810718178749084,
        0.6754294037818909,
        0.6684935688972473,
        0.660382866859436,
        0.6513410210609436,
        0.6417219638824463,
        0.6318936944007874,
        0.6221363544464111,
        0.6126046180725098,
        0.6033656001091003,
        0.594447135925293,
        0.5858597159385681,
        0.5776020288467407,
        0.5696693062782288,
        0.5620568990707397,
        0.5547593832015991,
        0.5477690100669861,
        0.5410758256912231,
        0.5346695184707642,
        0.52853924036026,
        0.5226731300354004,
        0.517058253288269,
        0.5116816759109497,
        0.5065306425094604,
        0.5015926957130432,
        0.49685680866241455,
        0.49231305718421936,
        0.4879516363143921,
        0.4837636351585388,
        0.47973984479904175,
        0.47587132453918457,
        0.4721493422985077,
        0.46856582164764404,
        0.4651131331920624,
        0.4617839455604553,
        0.45857110619544983,
        0.4554678797721863,
        0.4524680972099304,
        0.4495658576488495,
        0.44675585627555847,
        0.4440329670906067,
        0.44139227271080017,
        0.4388290345668793,
        0.436338871717453,
        0.43391773104667664,
        0.43156203627586365,
        0.4292685091495514,
        0.4270342290401459,
        0.4248560965061188,
        0.4227314889431,
        0.4206579625606537,
        0.4186333119869232,
        0.41665539145469666,
        0.41472235321998596,
        0.4128325879573822,
        0.410984605550766,
        0.4091770052909851,
        0.40740832686424255,
        0.40567746758461,
        0.4039832055568695,
        0.40232428908348083,
        0.4006996154785156,
        0.39910802245140076,
        0.39754819869995117,
        0.39601901173591614,
        0.3945194482803345,
        0.39304813742637634,
        0.39160409569740295,
        0.3901861011981964,
        0.38879305124282837,
        0.3874240219593048,
        0.3860780596733093,
        0.3847545385360718,
        0.3834526538848877,
        0.3821719288825989,
        0.380911648273468,
        0.3796710669994354,
        0.378449410200119,
        0.3772461712360382,
        0.3760606646537781,
        0.3748924136161804,
        0.37374094128608704,
        0.37260571122169495,
        0.3714860677719116,
        0.3703816533088684,
        0.3692919611930847,
        0.36821669340133667,
        0.3671554625034332,
        0.3661080002784729,
        0.3650738298892975
      ]
    },
    {
      "layer": 1,
      "epochs_run": 1000,
      "early_stopped": false,
      "final_loss": 0.28980162739753723,
      "best_loss": 0.28983375430107117,
      "losses": [
        1.126863956451416,
        0.6439847946166992,
        0.5667921900749207,
        0.5521339178085327,
        0.5415684580802917,
        0.5260111689567566,
        0.5076832175254822,
        0.4881969392299652,
        0.4696134030818939,
        0.4530622959136963,
        0.43855273723602295,
        0.42610111832618713,
        0.41555407643318176,
        0.40662848949432373,
        0.39897099137306213,
        0.3922934830188751,
        0.38640061020851135,
        0.3811577260494232,
        0.37645164132118225,
        0.37220320105552673,
        0.36834725737571716,
        0.3648240268230438,
        0.3615817129611969,
        0.3585857152938843,
        0.3558053970336914,
        0.3532114326953888,
        0.35078129172325134,
        0.3484979569911957,
        0.34634649753570557,
        0.34431320428848267,
        0.3423866033554077,
        0.34055691957473755,
        0.33881518244743347,
        0.3371536433696747,
        0.3355661630630493,
        0.3340478539466858,
        0.33259397745132446,
        0.33119961619377136,
        0.3298598527908325,
        0.32857006788253784,
        0.32732683420181274,
        0.3261266350746155,
        0.3249651789665222,
        0.32383787631988525,
        0.322740375995636,
        0.32166963815689087,
        0.3206239342689514,
        0.3196025490760803,
        0.3186054527759552,
        0.3176329433917999,
        0.31668537855148315,
        0.315762996673584,
        0.3148655593395233,
        0.31399258971214294,
        0.3131438195705414,
        0.31231868267059326,
        0.3115163743495941,
        0.3107360899448395,
        0.30997711420059204,
        0.30923882126808167,
        0.30852067470550537,
        0.3078218996524811,
        0.30714163184165955,
        0.3064790964126587,
        0.3058335483074188,
        0.30520427227020264,
        0.30459049344062805,
        0.3039916157722473,
        0.3034069538116455,
        0.3028359115123749,
        0.30227798223495483,
        0.3017325699329376,
        0.3011992871761322,
        0.30067750811576843,
        0.3001667559146881,
        0.2996666729450226,
        0.29917702078819275,
        0.29869741201400757,
        0.29822757840156555,
        0.29776710271835327,
        0.2973156273365021,
        0.2968727946281433,
        0.2964383065700531,
        0.2960118055343628,
        0.29559311270713806,
        0.29518184065818787,
        0.29477784037590027,
        0.2943808138370514,
        0.2939905524253845,
        0.29360681772232056,
        0.29322946071624756,
        0.2928582727909088,
        0.29249307513237,
        0.29213377833366394,
        0.29178014397621155,
        0.29143208265304565,
        0.29108941555023193,
        0.29075199365615845,
        0.29041963815689087,
        0.29009220004081726
      ]
    },
    {
      "layer": 2,
      "epochs_run": 1000,
      "early_stopped": false,
      "final_loss": 0.41017118096351624,
      "best_loss": 0.41017118096351624,